{
  "undergarden:undergarden/root": {
    "criteria": {
      "tick": "2026-01-03 22:42:59 +0000"
    },
    "done": true
  },
  "minecraft:recipes/decorations/crafting_table": {
    "criteria": {
      "unlock_right_away": "2026-01-03 22:42:59 +0000"
    },
    "done": true
  },
  "seadwellers:adv_root": {
    "criteria": {
      "adv_root": "2026-01-03 22:42:59 +0000"
    },
    "done": true
  },
  "betterdungeons:root": {
    "criteria": {
      "always": "2026-01-03 22:42:59 +0000"
    },
    "done": true
  },
  "born_in_chaos_v1:bornin_chaos": {
    "criteria": {
      "bornin_chaos_0": "2026-01-03 22:42:59 +0000"
    },
    "done": true
  },
  "betterdeserttemples:root": {
    "criteria": {
      "always": "2026-01-03 22:42:59 +0000"
    },
    "done": true
  },
  "biomeswevegone:biomeswevegone/root": {
    "criteria": {
      "tick": "2026-01-03 22:42:59 +0000"
    },
    "done": true
  },
  "repurposed_structures:root": {
    "criteria": {
      "always": "2026-01-03 22:42:59 +0000"
    },
    "done": true
  },
  "mowziesmobs:root": {
    "criteria": {
      "custom_test_name": "2026-01-03 22:42:59 +0000"
    },
    "done": true
  },
  "dungeons_arise:wda_root": {
    "criteria": {
      "WDA": "2026-01-03 22:42:59 +0000"
    },
    "done": true
  },
  "lootr:root": {
    "criteria": {
      "always_true": "2026-01-03 22:42:59 +0000"
    },
    "done": true
  },
  "DataVersion": 3465
}