{"stats":{"minecraft:used":{"minecraft:dark_oak_stairs":1,"minecraft:zombie_spawn_egg":1,"roe_weapons:dagger_2":90,"minecraft:iron_chestplate":1,"minecraft:skeleton_spawn_egg":1,"minecraft:crafting_table":1,"minecraft:dark_oak_door":1,"minecraft:bread":6,"minecraft:iron_helmet":1,"minecraft:iron_boots":1,"mmorpg:weapon/staff/wood":37,"minecraft:cobblestone":1,"projectvibrantjourneys:cattail":1,"alexsmobs:animal_dictionary":1,"minecraft:trident":11,"biomeswevegone:white_dacite_cobblestone":11,"minecraft:iron_leggings":1},"minecraft:custom":{"minecraft:blood":0,"lootr:looted_stat":16,"minecraft:interact_with_furnace":1,"minecraft:mob_kills":35,"minecraft:interact_with_crafting_table":8,"minecraft:damage_dealt_resisted":32,"minecraft:leave_game":6,"minecraft:time_since_death":10227,"minecraft:sleep_in_bed":1,"minecraft:climb_one_cm":4097,"minecraft:damage_resisted":0,"minecraft:levels_gained":8,"minecraft:mana":240,"minecraft:time_since_rest":10295,"minecraft:magic_shield":0,"minecraft:sprint_one_cm":257785,"minecraft:walk_one_cm":318419,"minecraft:damage_taken":3584,"minecraft:damage_absorbed":1370,"minecraft:drop":21,"minecraft:damage_dealt":4321,"minecraft:health":261,"minecraft:swim_one_cm":6996,"minecraft:fly_one_cm":113378,"minecraft:crouch_one_cm":3267,"minecraft:play_time":134776,"minecraft:deaths":4,"minecraft:sneak_time":1400,"minecraft:walk_under_water_one_cm":7891,"minecraft:jump":816,"minecraft:energy":310,"minecraft:walk_on_water_one_cm":18363,"minecraft:total_world_time":134776,"minecraft:fall_one_cm":9423},"minecraft:crafted":{"minecraft:oak_planks":4,"minecraft:crafting_table":1,"minecraft:wooden_pickaxe":1,"minecraft:jungle_planks":8,"minecraft:air":6,"minecraft:stick":1},"minecraft:mined":{"projectvibrantjourneys:cattail":1,"minecraft:red_bed":1,"minecraft:soul_fire":4,"minecraft:crafting_table":1,"projectvibrantjourneys:mossy_rocks":1,"projectvibrantjourneys:watergrass":1,"biomeswevegone:pink_anemone":1,"projectvibrantjourneys:bones":1,"minecraft:grass":6,"projectvibrantjourneys:short_grass":4,"minecraft:fern":1},"minecraft:picked_up":{"minecraft:iron_chestplate":3,"simplehats:shakehat":1,"born_in_chaos_v1:corpse_maggot":6,"simplehats:frozenhead":1,"minecraft:feather":2,"minecraft:chicken":4,"minecraft:jungle_log":2,"minecraft:wooden_pickaxe":1,"minecraft:potato":25,"minecraft:flint":2,"minecraft:oak_log":2,"minecraft:shield":2,"biomeswevegone:skyris_vine":4,"minecraft:string":12,"minecraft:red_bed":2,"mmorpg:currency/extract_gem":1,"born_in_chaos_v1:monster_skin":2,"minecraft:iron_leggings":2,"minecraft:bone":13,"minecraft:apple":49,"minecraft:bow":7,"minecraft:wheat_seeds":7,"minecraft:iron_ingot":8,"minecraft:poppy":2,"simplehats:hatbag_uncommon":2,"minecraft:iron_pickaxe":1,"lightmanscurrency:coin_iron":29,"minecraft:dark_oak_stairs":1,"minecraft:iron_sword":6,"minecraft:iron_boots":3,"minecraft:dark_oak_door":1,"cte_essentials:plate_0_chestplate":1,"minecraft:stick":8,"born_in_chaos_v1:shattered_skull":2,"simplehats:hatbag_common":2,"simplehats:bigbrain":2,"patchouli:guide_book":2,"cte_essentials:plate_0_boots":1,"born_in_chaos_v1:ethereal_spirit":5,"minecraft:acacia_log":1,"mmorpg:stat_soul":2,"minecraft:jungle_planks":6,"chococraft:gysahl_green_seeds":1,"sophisticatedbackpacks:iron_backpack":6,"biomeswevegone:skyris_log":8,"mmorpg:weapon/staff/wood":4,"minecraft:trident":5,"minecraft:carrot":1,"cte_essentials:plate_0_leggings":1,"alexsmobs:crocodile_scute":2,"lightmanscurrency:coin_copper":37,"minecraft:rotten_flesh":16,"biomeswevegone:pink_anemone":2,"minecraft:arrow":138,"lightmanscurrency:wallet_gold":1,"aquaculture:wooden_fillet_knife":2,"minecraft:iron_helmet":2,"mmorpg:master_bag":3,"roe_weapons:dagger_2":8,"biomeswevegone:skyris_planks":4,"biomeswevegone:white_dacite_cobblestone":93,"projectvibrantjourneys:cattail":1,"minecraft:emerald":3,"minecraft:bread":94,"supplementaries:ash":2,"born_in_chaos_v1:rotten_fish":4,"born_in_chaos_v1:fused_bone":2,"minecraft:cobblestone":1,"biomeswevegone:lush_dirt":6,"minecraft:crafting_table":3},"minecraft:broken":{"cte_essentials:plate_0_helmet":1,"cte_essentials:plate_0_chestplate":1},"minecraft:killed":{"minecraft:cave_spider":1,"born_in_chaos_v1:restless_spirit":1,"born_in_chaos_v1:zombie_lumberjack":2,"born_in_chaos_v1:baby_skeleton":1,"riskofrain_mobs:lemurian_entity":1,"born_in_chaos_v1:siamese_skeletonsright":1,"born_in_chaos_v1:decrepit_skeleton":1,"born_in_chaos_v1:maggot":2,"born_in_chaos_v1:scarlet_persecutor":1,"born_in_chaos_v1:baby_spider":2,"remnant_bosses:skeleton_minions":2,"minecraft:skeleton":3,"remnant_bosses:rat":1,"born_in_chaos_v1:dread_hound":2,"born_in_chaos_v1:corpse_fly":5,"born_in_chaos_v1:skeleton_thrasher":1,"minecraft:drowned":3,"born_in_chaos_v1:corpse_fish":3,"born_in_chaos_v1:door_knight":1,"born_in_chaos_v1:siamese_skeletonsleft":1},"minecraft:killed_by":{"born_in_chaos_v1:decrepit_skeleton":1,"minecraft:zombie":1,"born_in_chaos_v1:corpse_fly":1,"born_in_chaos_v1:siamese_skeletonsright":1},"minecraft:dropped":{"sophisticatedbackpacks:iron_backpack":2,"minecraft:bread":29,"mmorpg:jewel/str":1,"cte_essentials:plate_0_boots":1,"roe_weapons:staff_2":1,"minecraft:rotten_flesh":1,"cte_essentials:plate_0_chestplate":1,"minecraft:apple":25,"mmorpg:master_bag":1,"roe_weapons:scythe_2":1,"mmorpg:jewelry/necklace/iron":1,"born_in_chaos_v1:corpse_maggot":3,"lightmanscurrency:wallet_gold":1,"minecraft:bow":1,"minecraft:iron_pickaxe":1,"cte_essentials:plate_0_leggings":2}},"DataVersion":3465}