{"stats":{"minecraft:used":{"minecraft:iron_sword":10,"minecraft:zombie_spawn_egg":1,"minecraft:skeleton_spawn_egg":1,"biomeswevegone:oddion_bulb":6,"minecraft:dark_oak_planks":6,"minecraft:iron_boots":1,"minecraft:bow":2,"biomeswevegone:lush_dirt":1,"minecraft:leather_chestplate":1,"roe_weapons:scythe_2":170,"minecraft:white_wool":1,"minecraft:red_bed":1,"biomeswevegone:skyris_crafting_table":1,"minecraft:apple":8,"minecraft:bread":3,"minecraft:iron_pickaxe":49,"mmorpg:weapon/staff/wood":13,"minecraft:wooden_sword":24,"alexsmobs:animal_dictionary":1},"minecraft:custom":{"minecraft:blood":0,"lootr:looted_stat":29,"minecraft:mob_kills":48,"minecraft:interact_with_crafting_table":15,"minecraft:bell_ring":9,"minecraft:damage_dealt_resisted":444,"minecraft:leave_game":1,"minecraft:time_since_death":10451,"minecraft:damage_resisted":0,"minecraft:climb_one_cm":6297,"minecraft:mana":301,"minecraft:magic_shield":0,"minecraft:sprint_one_cm":226300,"minecraft:walk_one_cm":265735,"minecraft:drop":45,"minecraft:health":274,"minecraft:play_time":112149,"minecraft:deaths":11,"minecraft:sneak_time":1251,"minecraft:walk_under_water_one_cm":9383,"minecraft:jump":1373,"minecraft:energy":210,"minecraft:walk_on_water_one_cm":10274,"minecraft:total_world_time":112149,"minecraft:interact_with_furnace":1,"minecraft:sleep_in_bed":1,"minecraft:levels_gained":8,"minecraft:time_since_rest":10480,"minecraft:damage_taken":5900,"minecraft:damage_absorbed":4106,"minecraft:damage_dealt":9212,"minecraft:swim_one_cm":37470,"minecraft:fly_one_cm":289620,"minecraft:crouch_one_cm":3725,"waystones:waystone_activated":1,"minecraft:fall_one_cm":38361},"minecraft:crafted":{"biomeswevegone:skyris_crafting_table":1,"minecraft:dark_oak_planks":1,"minecraft:air":9,"minecraft:stick":4,"minecraft:iron_pickaxe":1,"biomeswevegone:skyris_planks":5},"minecraft:mined":{"biomeswevegone:lush_dirt":13,"minecraft:dark_oak_log":5,"biomeswevegone:lush_grass_block":3,"biomeswevegone:skyris_log":6,"projectvibrantjourneys:watergrass":2,"minecraft:tall_seagrass":2,"biomeswevegone:fairy_slipper":2,"minecraft:stone":1,"biomeswevegone:crocus":1,"minecraft:seagrass":2,"minecraft:jukebox":1,"biomeswevegone:white_dacite":44,"minecraft:grass":18,"projectvibrantjourneys:short_grass":8},"minecraft:picked_up":{"minecraft:iron_chestplate":11,"minecraft:chicken":2,"minecraft:shield":7,"biomeswevegone:skyris_vine":2,"minecraft:string":7,"minecraft:red_bed":1,"minecraft:wooden_sword":1,"minecraft:iron_leggings":10,"born_in_chaos_v1:intoxicating_decoction":4,"minecraft:beetroot":9,"minecraft:gold_nugget":3,"aquaculture:bluegill":1,"mmorpg:gems/tourmaline/0":3,"dungeon_realm:dungeon_map":3,"minecraft:poppy":2,"minecraft:iron_pickaxe":2,"born_in_chaos_v1:stimulating_decoction":2,"minecraft:mangrove_log":4,"minecraft:iron_boots":1,"roe_weapons:scythe_2":1,"mmorpg:skill_gems/support/dex":2,"minecraft:dark_oak_sapling":12,"born_in_chaos_v1:shattered_skull":1,"minecraft:jukebox":7,"simplehats:hatbag_common":3,"ancient_obelisks:obelisk_map":1,"aquaculture:perch":1,"mmorpg:jewelry/necklace/iron":6,"minecraft:cherry_log":1,"mmorpg:skill_gems/support/int":1,"born_in_chaos_v1:pieceofdarkmetal":15,"biomeswevegone:skyris_log":6,"alexsmobs:crocodile_scute":1,"minecraft:dark_oak_planks":38,"the_harvest:harvest_map":1,"mimi:guide":4,"minecraft:rotten_flesh":32,"mmorpg:master_bag":3,"simplehats:caddycap":1,"minecraft:glow_berries":2,"minecraft:mutton":2,"minecraft:white_wool":1,"minecraft:cobblestone":1,"born_in_chaos_v1:corpse_maggot":15,"minecraft:leather_chestplate":3,"biomeswevegone:lush_dirt":16,"minecraft:feather":4,"minecraft:potato":69,"doggytalents:rice_grains":1,"biomeswevegone:oddion_bulb":6,"minecraft:flint":3,"minecraft:paper":55,"minecraft:leather_boots":4,"minecraft:bone":15,"minecraft:apple":99,"minecraft:bow":5,"minecraft:wheat_seeds":1,"alexsmobs:cockroach_wing_fragment":1,"minecraft:iron_ingot":11,"simplehats:hatbag_uncommon":1,"lightmanscurrency:coin_iron":28,"minecraft:iron_sword":10,"projectvibrantjourneys:light_brown_bark_mushroom":1,"simplehats:rock":1,"born_in_chaos_v1:ethereal_spirit":12,"biomeswevegone:fairy_slipper":1,"chococraft:gysahl_green_seeds":4,"sophisticatedbackpacks:iron_backpack":2,"mmorpg:weapon/staff/wood":21,"minecraft:dark_oak_log":28,"alexsmobs:animal_dictionary":5,"minecraft:leather_helmet":5,"lightmanscurrency:coin_copper":53,"simplehats:rubbernipple":1,"minecraft:diamond":3,"lightmanscurrency:wallet_gold":2,"mmorpg:gems/ruby/0":1,"minecraft:soul_lantern":5,"minecraft:iron_helmet":3,"minecraft:crossbow":2,"minecraft:bone_meal":1,"biomeswevegone:white_dacite_cobblestone":37,"biomeswevegone:foxglove":1,"minecraft:bread":109,"minecraft:emerald":29,"born_in_chaos_v1:rotten_fish":2,"mmorpg:offhand/dodge/iron":3},"minecraft:broken":{"cte_essentials:plate_0_helmet":1,"cte_essentials:plate_0_leggings":1,"minecraft:leather_boots":1,"cte_essentials:plate_0_chestplate":1,"cte_essentials:plate_0_boots":2},"minecraft:killed":{"born_in_chaos_v1:zombie_clown":1,"minecraft:cave_spider":4,"aquaculture:bluegill":1,"born_in_chaos_v1:zombie_lumberjack":3,"minecraft:spider":1,"biomeswevegone:oddion":1,"born_in_chaos_v1:scarlet_persecutor":2,"born_in_chaos_v1:maggot":6,"remnant_bosses:skeleton_minions":1,"born_in_chaos_v1:baby_spider":1,"minecraft:skeleton":2,"minecraft:chicken":2,"born_in_chaos_v1:skeleton_thrasher":1,"aquaculture:perch":1,"born_in_chaos_v1:corpse_fish":4,"minecraft:drowned":4,"born_in_chaos_v1:spiritof_chaos":1,"born_in_chaos_v1:baby_skeleton":2,"minecraft:iron_golem":1,"born_in_chaos_v1:decrepit_skeleton":2,"minecraft:sheep":1,"seadwellers:mermorph_river":1,"alexsmobs:cockroach":1,"alexsmobs:crocodile":1,"remnant_bosses:rat":1,"born_in_chaos_v1:corpse_fly":2},"minecraft:killed_by":{"born_in_chaos_v1:siamese_skeletonsright":1,"born_in_chaos_v1:baby_skeleton":1,"born_in_chaos_v1:corpse_fly":1,"born_in_chaos_v1:fallen_chaos_knight":1,"riskofrain_mobs:lemurian_entity":1,"born_in_chaos_v1:scarlet_persecutor":6},"minecraft:dropped":{"born_in_chaos_v1:intoxicating_decoction":4,"minecraft:iron_sword":2,"minecraft:wheat_seeds":1,"minecraft:dark_oak_sapling":4,"minecraft:crossbow":2,"minecraft:iron_helmet":2,"chococraft:gysahl_green_seeds":3,"biomeswevegone:foxglove":1,"minecraft:leather_helmet":1,"born_in_chaos_v1:stimulating_decoction":2,"minecraft:iron_leggings":4,"minecraft:bone_meal":1,"biomeswevegone:fairy_slipper":1,"minecraft:rotten_flesh":21,"mmorpg:master_bag":1,"biomeswevegone:lush_dirt":12,"mmorpg:jewelry/necklace/iron":1,"minecraft:poppy":2,"minecraft:leather_chestplate":1,"projectvibrantjourneys:light_brown_bark_mushroom":1,"minecraft:iron_chestplate":4,"doggytalents:rice_grains":1}},"DataVersion":3465}