{"stats":{"minecraft:custom":{"minecraft:time_since_rest":20700,"minecraft:blood":0,"minecraft:magic_shield":0,"minecraft:sprint_one_cm":6885,"minecraft:play_time":20700,"minecraft:walk_one_cm":13952,"minecraft:damage_taken":85,"minecraft:damage_absorbed":65,"minecraft:sneak_time":11,"minecraft:mob_kills":1,"minecraft:damage_dealt_resisted":0,"minecraft:jump":14,"minecraft:energy":50,"minecraft:damage_dealt":198,"minecraft:leave_game":6,"minecraft:health":70,"minecraft:time_since_death":20700,"minecraft:total_world_time":20700,"minecraft:fly_one_cm":1707,"minecraft:fall_one_cm":209,"minecraft:mana":50},"minecraft:killed":{"minecraft:drowned":1},"minecraft:picked_up":{"lightmanscurrency:coin_copper":8,"minecraft:rotten_flesh":1,"lightmanscurrency:coin_iron":2}},"DataVersion":3465}